{
    "score_accuracy": 0.9819665295756496,
    "score_roc_auc": 0.5277552004917307,
    "error_mse": 0.018033470424350398,
    "error_r2": 0.02629827944691643,
    "confidence_least": 0.5018929243087769,
    "confidence_most": 0.9999920129776001,
    "predicted_positive_count": 133,
    "predicted_negative_count": 105393,
    "predicted_positive_to_negative_fraction": 0.0012619433928249505,
    "groundtruth_positive_count": 1992,
    "groundtruth_negative_count": 103534,
    "groundtruth_positive_to_negative_fraction": 0.019240056406591072,
    "predicted_positive_to_groundtruth_negative_fraction": 0.06676706827309237
}
